{"cameraMode":{"drawMode":0,"name":"Shaded","section":"Shading Mode"},"sceneLighting":false,"audioPlay":false,"sceneViewState":{"m_AlwaysRefresh":false,"showFog":true,"showSkybox":true,"showFlares":true,"showImageEffects":true,"showParticleSystems":true,"showVisualEffectGraphs":true,"m_FxEnabled":true},"in2DMode":false,"pivot":{"x":2.7316222190856935,"y":-11.013495445251465,"z":-3.1401774883270265},"rotation":{"x":0.09618388116359711,"y":-0.8482434153556824,"z":0.16517537832260133,"w":0.4940613806247711},"size":2.839200973510742,"orthographic":false}