{"cameraMode":{"drawMode":0,"name":"Shaded","section":"Shading Mode"},"sceneLighting":false,"audioPlay":false,"sceneViewState":{"m_AlwaysRefresh":false,"showFog":true,"showSkybox":true,"showFlares":true,"showImageEffects":true,"showParticleSystems":true,"showVisualEffectGraphs":true,"m_FxEnabled":true},"in2DMode":false,"pivot":{"x":4.922350883483887,"y":-10.475102424621582,"z":-2.331496477127075},"rotation":{"x":0.005938638933002949,"y":0.9933799505233765,"z":-0.09897535294294357,"w":0.059352196753025058},"size":0.7264279723167419,"orthographic":false}