{"cameraMode":{"drawMode":0,"name":"Shaded","section":"Shading Mode"},"sceneLighting":false,"audioPlay":false,"sceneViewState":{"m_AlwaysRefresh":false,"showFog":true,"showSkybox":true,"showFlares":true,"showImageEffects":true,"showParticleSystems":true,"showVisualEffectGraphs":true,"m_FxEnabled":true},"in2DMode":false,"pivot":{"x":24.47720718383789,"y":-32.677284240722659,"z":-20.652639389038087},"rotation":{"x":-0.13214506208896638,"y":-0.8383143544197083,"z":0.23339278995990754,"w":-0.47488680481910708},"size":24.267587661743165,"orthographic":false}