{"cameraMode":{"drawMode":0,"name":"Shaded","section":"Shading Mode"},"sceneLighting":false,"audioPlay":false,"sceneViewState":{"m_AlwaysRefresh":false,"showFog":true,"showSkybox":true,"showFlares":true,"showImageEffects":true,"showParticleSystems":true,"showVisualEffectGraphs":true,"m_FxEnabled":true},"in2DMode":false,"pivot":{"x":-33.652923583984378,"y":-27.213926315307618,"z":-4.924256324768066},"rotation":{"x":0.15349242091178895,"y":-0.7191251516342163,"z":0.16793806850910188,"w":0.6567427515983582},"size":23.506736755371095,"orthographic":false}