{"cameraMode":{"drawMode":0,"name":"Shaded","section":"Shading Mode"},"sceneLighting":false,"audioPlay":false,"sceneViewState":{"m_AlwaysRefresh":false,"showFog":true,"showSkybox":true,"showFlares":true,"showImageEffects":true,"showParticleSystems":true,"showVisualEffectGraphs":true,"m_FxEnabled":true},"in2DMode":false,"pivot":{"x":-0.7773095965385437,"y":-10.304712295532227,"z":-4.470232963562012},"rotation":{"x":0.005740275140851736,"y":0.9050085544586182,"z":0.012218432500958443,"w":-0.42518073320388796},"size":3.461383104324341,"orthographic":false}