{"cameraMode":{"drawMode":0,"name":"Shaded","section":"Shading Mode"},"sceneLighting":false,"audioPlay":false,"sceneViewState":{"m_AlwaysRefresh":false,"showFog":true,"showSkybox":true,"showFlares":true,"showImageEffects":true,"showParticleSystems":true,"showVisualEffectGraphs":true,"m_FxEnabled":true},"in2DMode":false,"pivot":{"x":-10.532327651977539,"y":-32.58637237548828,"z":-37.28485870361328},"rotation":{"x":-0.028801942244172097,"y":0.9643107056617737,"z":-0.23597495257854463,"w":-0.11743772774934769},"size":27.023069381713868,"orthographic":false}