{"cameraMode":{"drawMode":0,"name":"Shaded","section":"Shading Mode"},"sceneLighting":false,"audioPlay":false,"sceneViewState":{"m_AlwaysRefresh":false,"showFog":true,"showSkybox":true,"showFlares":true,"showImageEffects":true,"showParticleSystems":true,"showVisualEffectGraphs":true,"m_FxEnabled":true},"in2DMode":false,"pivot":{"x":4.710158824920654,"y":-10.384563446044922,"z":-2.203636407852173},"rotation":{"x":-0.002660460537299514,"y":-0.9972202777862549,"z":0.05990505963563919,"w":-0.04429350793361664},"size":0.7264279723167419,"orthographic":false}